id,class,prob
1200838666136018946,0,0.12944901
1202167857615912961,1,0.8833075
1202511585744498690,0,0.053781956
1202519545501667334,0,0.41231275
1200503613023555584,0,0.18622148
1201891253362843650,1,0.5935713
1200526724238397440,0,0.03781551
1200885839502434306,0,0.1865769
1199758777643343876,0,0.16687196
1200693598045589507,0,0.8084661
1201889993519710209,0,0.24267739
1177488230024769536,1,0.88021433
1155406014805663746,1,0.60782534
1148370249839984640,1,0.9094821
1176990084811427840,1,0.70043856
1176548845158903810,0,0.33710623
1171085090656587777,1,0.93741834
1169640190710824962,0,0.5863136
1168552709299023873,1,0.81288695
1159068259095928833,1,0.76901186
1154083035219943425,0,0.48246482
1152465360874102785,0,0.3025657
1147190433514172416,0,0.15312472
1146805046987956228,0,0.7299225
1143970818919206912,0,0.50089735
1133737082675978241,0,0.549572
1133681533850669056,1,0.7759312
1133681345325150212,0,0.6186637
1127189743811399681,0,0.1371719
1126232843330445317,0,0.70384735
1123521304337035265,1,0.9815427
1118803017896218624,1,0.68188256
1118801295555616769,1,0.6162472
1118795323131006976,0,0.5038943
1118791802465681409,1,0.51402074
1112279998843506688,0,0.29294455
1112266385634271237,0,0.11557001
1110187010940116994,0,0.46826127
1108708473154519040,0,0.3402222
1105150208038653952,0,0.30646706
1095357735380701184,0,0.5540216
1089977269400031232,0,0.23436013
1089391878125076480,0,0.44389972
1069585942393040896,0,0.4150054
1066358679438589952,0,0.5834641
1061308453539508236,0,0.7786163
1061241600196702208,0,0.48702976
1057284268177661953,0,0.68214905
1055004479995760641,0,0.40837622
1050398024076337152,1,0.5357342
1049906747337523200,0,0.5096898
1043285093622706176,0,0.5609318
1028203878393761793,0,0.62925154
1028199414798708736,0,0.65080285
1028198583454126080,0,0.48201203
1028191905383952384,0,0.69886035
1028160267325202432,0,0.8941504
1027121342385143808,1,0.75277746
1023505811337826305,0,0.57105625
1010406959391166464,1,0.88629055
1008445200241496065,1,0.66034955
994547683871395840,0,0.3345887
992419883282558977,0,0.54891694
989038773307609089,0,0.6110542
987939217341894656,1,0.9396671
977449867101556736,0,0.27375767
948954792730218496,0,0.4039392
925834025582891008,0,0.7941243
924959447394512896,0,0.7585163
922028272711557120,0,0.70868284
913656071264374784,0,0.71339756
913380495832084483,0,0.9550097
913380420196192257,0,0.9526057
908360192009687040,0,0.18693417
905646814157725696,0,0.30250973
901774281209733120,0,0.12652797
897443976554225664,0,0.36473978
876706818625556480,0,0.6379005
853170538755350529,0,0.6118962
851083978211774465,0,0.45436004
827628007762382848,0,0.70929533
824656094056353792,0,0.2432257
820971728897802240,0,0.25038382
807805771534766080,0,0.863078
804207530838724608,1,0.77560675
769501835556229120,0,0.94347596
762017175259545600,1,0.93837297
761894124479995904,0,0.5335572
761780434917330944,0,0.12187114
721976419383910400,0,0.64982665
721235592563007488,0,0.6476492
718041586664398848,0,0.46664855
713295936538152962,0,0.6054007
708961119260577792,0,0.646166
701677327269367808,0,0.15284857
656968999046115333,0,0.49238056
651027260334583812,0,0.41676366
646390162335891456,0,0.11692247
1133859028327702528,0,0.24538696
1102299634511286273,0,0.11624846
1102288055329845248,0,0.42700273
1099746790335750146,0,0.43874925
1045171886815088640,0,0.32243198
987675615443718146,0,0.30683076
982707028513697792,0,0.3748635
970241543679463424,0,0.29347688
965680629584154625,0,0.0378156
962238352840970240,0,0.05972129
890715938965913600,0,0.015429616
830831498530000896,0,0.12606347
799879789611978752,0,0.6493249
792850109415452672,0,0.1469906
787745444239736832,0,0.059744477
725920552737628161,0,0.43176663
1172856224574005249,1,0.7567115
1131215885086142465,0,0.67939144
1128514645432705024,0,0.47295934
1113672633550286848,0,0.29125348
1097598116809924614,0,0.13329253
1067084750513467392,0,0.3150828
1064479599034290176,0,0.50835943
1064477844418543616,0,0.24713433
1019992873645826049,0,0.21877536
1007363749286735872,1,0.32385078
1082983971342950401,0,0.7164261
1128679445169147904,0,0.06992659
1120033790167060480,0,0.31824744
1127204177690673158,0,0.31950927
1095591393995735040,0,0.11322895
1056316495905480704,0,0.57024086
1031123709803851778,0,0.40841252
1008665452376199169,0,0.42006108
920920236957855744,0,0.1104638
1057599528092733440,0,0.073364675
876456857799413760,1,0.88725114
1173329146530938881,0,0.08496007
1173327680286154752,0,0.36921227
1173327516972568577,0,0.26365107
1162535506174992390,0,0.107394665
1162381398608666625,0,0.25088042
1158534116465401856,0,0.18410209
1134631394737643520,0,0.24692053
1128224440544890881,1,0.5049501
1125645427884417025,0,0.050559014
1116265739038744578,0,0.16640654
1096799719542718464,0,0.15108693
1076022211201384449,0,0.009964943
1031634986200432640,0,0.10666311
1008641430464679937,1,0.320456
989784679892037632,0,0.033303887
981616909106991104,0,0.07743952
968053104976461824,0,0.73995656
967437976446922753,0,0.16006824
965789174770126848,0,0.4431834
783914175475159040,0,0.0084891915
717298524992438272,0,0.0117916465
705113900220588032,0,0.08861986
672128659654840320,0,0.20468014
667791491172057088,0,0.46955395
1182705604441378817,0,0.10540676
1182275942665900033,0,0.066559106
1182226860194828288,0,0.09081823
1182218583050461184,0,0.30822575
1182138216561942530,0,0.050724477
1181831496568639488,0,0.19571358
1181460097874251776,0,0.19544756
1181441935636140037,0,0.39157403
1181266567318913027,0,0.39181343
1180590458143031296,0,0.20608607
1180489322983755776,0,0.121162444
1180377254410489856,0,0.32053423
1180131332644581382,0,0.34405667
1180119981398335488,0,0.41823825
1180026337756696576,0,0.14126828
1179508645060644865,0,0.6384947
1179073037586632709,0,0.5112769
1178883973784768512,0,0.22354263
1178645916330418177,0,0.21833935
1178494950222286849,0,0.21086705
1177999570799927296,0,0.40138346
1177336763976683526,0,0.06863794
1176456572106674176,0,0.40035832
1176401727131664386,0,0.45438874
1176227632591114240,0,0.31115508
1175867477177356291,0,0.13297334
1175132318874423298,0,0.87409425
1174395405846667269,0,0.09522554
1174315065010511875,0,0.053055704
1173960286551859201,0,0.14972827
1173915100324999168,0,0.21457371
1173649689150988289,0,0.13130191
1173607172120436736,0,0.29463673
1173445182928367616,0,0.7002465
1173371938686808064,0,0.21326151
1172881305257881602,0,0.095493644
1172858318811009024,0,0.38687155
1172834154507100160,0,0.3759802
1172598109014306818,0,0.026002914
1172588803460149254,0,0.1832974
1171900800727228418,0,0.27478015
1171688018324967424,0,0.34830153
1171653244797562881,0,0.10622609
1171425263969697792,0,0.19811547
1171175273452244992,0,0.16171989
1170802854287818755,0,0.23360428
1170770286117044225,0,0.8033543
1170691967078076416,0,0.5428489
1170351152346673152,0,0.16132146
1170044411205640192,0,0.07606813
1169982136251760640,0,0.43991235
1169882750368641025,0,0.21520156
1169645258231242754,0,0.27748686
1169631068598808577,0,0.35255933
1169337265392357378,0,0.6507196
1168967889971535872,0,0.06130293
1168963676822523905,1,0.66431653
1168765890403459072,0,0.10175094
1168764068972376064,0,0.035595804
1168763970989297665,0,0.23810744
1168521791968616448,0,0.48578623
1168520741697904651,0,0.20622128
1168209126238904320,0,0.17538425
1167882173258465281,0,0.053223193
1167843666003746816,0,0.66201186
1167837900962258945,0,0.12510791
1167837150429306880,0,0.101383686
1167830165839405056,0,0.07093033
1167072378540740609,0,0.298576
1167067416725245953,0,0.19007736
1166788936741642240,0,0.11119968
1166409109077471232,0,0.103500396
1166263542925971456,0,0.123882025
1165671764904599552,0,0.039759725
1165641533200261120,0,0.36526918
1165529379629338624,0,0.32938492
1165033626192379904,0,0.2877629
1164860796050038784,0,0.028330058
1164234472616792064,0,0.2532729
1164149869147238403,0,0.5835393
1164132134443016193,0,0.53640556
1163844764531343362,0,0.59966224
1163798469091479553,0,0.14398575
1163756249823023105,0,0.02817589
1163540522574733313,0,0.59906
1163422136956010497,0,0.032256007
1163166583725985793,0,0.4875434
1163025108128215040,0,0.16158277
1162542513766506496,0,0.44107965
1162410205226967041,0,0.10264397
1162405382461034496,0,0.5425611
1161552156723482625,0,0.042612314
1161116475077341184,0,0.39908746
1160963739899826176,0,0.07085374
1160858959785447424,0,0.26675385
1160848839445753856,0,0.23812473
1160814874785697792,0,0.53319716
1160802750881574912,0,0.22340742
1160801177191276544,0,0.25808522
1160759860365004800,0,0.32969072
1160617326598926337,0,0.30004373
1160610691373555712,0,0.34543073
1160280711443730435,0,0.27906877
1160279159656132609,0,0.4900308
1160196503840931841,0,0.17059729
1159832076872343552,0,0.18248662
1159823464808747010,0,0.25420958
1159514441035276289,0,0.12426096
1159372568836673537,0,0.2137548
1159186197861797888,0,0.027706653
1159159504250056705,0,0.118609786
1159145930148499457,0,0.099179834
1159044727548841986,0,0.2302792
1158943988520562689,0,0.1526069
1158715584072302592,0,0.32593778
1158440721654964225,1,0.18386635
1158438759316242433,0,0.15919775
1158433609629470723,0,0.5361069
1158424826773757960,0,0.06606603
1158266766885359617,0,0.1391832
1158036745608413184,0,0.582067
1157952131841835008,0,0.13762361
1157708220175200257,0,0.09002653
1157473858728943617,0,0.3370783
1157385218250203136,0,0.24045548
1157156404861345792,0,0.22617158
1156823705290518528,0,0.03590706
1156646396101046278,0,0.5791673
1156486815865626624,0,0.24614102
1156328904174555141,0,0.34042937
1156009824905129984,0,0.8898158
1155789789557350400,1,0.5042855
1155580367094636544,0,0.1653902
1155571215706284033,0,0.36545667
1155523913507627008,0,0.0099571645
1155494179566497793,0,0.10543537
1155373327361433600,0,0.28677428
1154873769082740744,0,0.43677694
1154827117500276738,0,0.21974996
1154823263220092928,0,0.34747118
1154809084694212608,0,0.2846593
1154786538313715712,0,0.7689512
1154103523069571074,0,0.039029032
1153910632971939840,0,0.13193381
1152942622299893760,0,0.0854578
1152905269074104322,0,0.4623896
1152645623025491973,0,0.5310918
1152572613325217792,0,0.22156364
1151976215311503361,0,0.45672575
1151821110968799233,0,0.018906504
1151792821566869504,0,0.20120245
1151771644949651457,0,0.46859944
1151570837226610688,0,0.32759944
1151568513645129731,0,0.110034615
1150686633471152128,0,0.15647143
1150374029607538690,0,0.7682791
1149981683514531840,0,0.39765978
1149748405280923651,0,0.27370048
1149649647675170817,0,0.5861589
1148947728921255937,0,0.24259585
1147796153527885825,0,0.29274797
1147794917357473794,0,0.21342039
1147794564029325312,0,0.28488004
1147573902903848960,0,0.34229833
1147434211630100480,0,0.38988462
1147365974817091584,0,0.33068645
1146351766189092865,0,0.3157447
1146333239621103617,0,0.09069237
1146155766501560323,0,0.005338967
1146113632847179778,0,0.23751977
1145986653368004609,0,0.4129377
1145954187399913472,0,0.3908443
1145599001867313153,0,0.62305146
1145383369250881541,0,0.46515888
1144728541583593478,0,0.26599133
1144578823247290368,0,0.25768524
1144421700437774337,0,0.5901235
1144209801343148032,0,0.27608627
1143739147896721409,0,0.22891104
1143634673526091776,0,0.094726264
1143632388834172933,0,0.24403945
1143477935480827904,0,0.07387188
1143426880579809282,0,0.29903126
1143426101315809280,0,0.3729226
1143386732655722497,0,0.78266335
1143124689050644485,0,0.096203595
1142872753961390080,0,0.89789546
1142406989949165568,0,0.3438819
1142302951454777344,0,0.27444148
1141980054051872768,0,0.07028967
1141754994204585984,0,0.08186874
1141598480332460032,0,0.4096326
1141445134606839810,0,0.14408448
1141403224915812352,0,0.07299504
1141218793382907904,0,0.33541602
1140582410981130240,0,0.6396178
1140157999937478656,0,0.40352294
1140157227875078144,0,0.23684138
1139638644644491264,0,0.20111015
1139517262812143617,0,0.18316007
1139139919287377920,0,0.30849135
1139077666575912960,0,0.42585772
1139064557966544897,0,0.73424727
1138924820408741890,0,0.7391848
1138922284868091904,1,0.71183705
1138917129791725574,0,0.6215236
1138300101267546113,0,0.77893984
1137711081441419264,0,0.84388995
1137390156279877633,0,0.21211755
1137218327162630144,0,0.14416957
1137098317681369094,0,0.57224244
1137098247200227328,0,0.19417399
1137095142005977090,0,0.5084926
1136599425386799104,0,0.07488662
1136393995569864704,0,0.4743936
1136370145381818374,0,0.20181406
1136365423413334016,0,0.20606875
1136337394234462209,0,0.15764794
1136295157937123328,0,0.2093369
1136215482585903104,0,0.065276414
1136202052755812352,0,0.09174237
1136196375958499328,0,0.109084785
1135995430582575104,0,0.46078047
1135839903047135232,0,0.42844653
1135274216922783744,0,0.53144485
1135201722249486338,0,0.51998246
1134079849205829633,0,0.14970112
1134055705739239426,0,0.5070966
1133448073617842181,0,0.0574072
1133429637999149056,0,0.3374231
1133342949713088512,0,0.5584864
1132875527017107459,0,0.5693573
1132587312288866304,0,0.61524314
1132559380589760512,0,0.2477468
1132499511417475073,0,0.25686908
1132497384745967617,0,0.40982777
1132489952070197251,0,0.014871925
1132361735657218049,0,0.06263247
1132348495766204416,0,0.056952536
1132313468323942400,0,0.04845953
1132218758494380032,0,0.16269702
1131685817364041728,1,0.4081266
1131681533956378625,0,0.14076638
1131416215031820288,0,0.08038396
1131040782037782528,0,0.116530985
1131036553596293120,0,0.44485822
1131032637898993664,0,0.4342882
1130933332563451904,0,0.18020776
1130755402877083648,0,0.06295204
1130489349861199872,0,0.17539719
1130333224926875650,0,0.03740585
1130231581682089986,0,0.7884945
1130230263336841216,0,0.39433193
1130141858385027073,0,0.17881
1130140642494099457,0,0.47736067
1130015212873093121,0,0.476899
1129999575228461056,0,0.038993
1129809857761153024,0,0.12438828
1129804540461686784,0,0.32870755
1129628762755047424,0,0.20237583
1129047408594292740,0,0.1502952
1128906060348047360,0,0.34998816
1128740368487518208,0,0.04965055
1128590839565963264,0,0.29803544
1128581389669085187,1,0.68552303
1128390655494033408,0,0.10710281
1128303589556924416,0,0.16986042
1128170269363834880,0,0.18470159
1128170042695274496,0,0.07678741
1127542994830331904,0,0.008617908
1127541145259651073,0,0.05577317
1126785055907557376,0,0.62379944
1126400434892099584,0,0.081243545
1126337134972100608,0,0.06367862
1125998610489991168,0,0.07728833
1125660959098449920,0,0.27051324
1125357700450344960,0,0.41708854
1125303913949925377,0,0.6333838
1125247682258317312,0,0.09759459
1124777662029938694,0,0.11902064
1124434085496205312,0,0.17304996
1124384773311533058,0,0.5172681
1124357730444034049,0,0.29997438
1124300807757869056,0,0.10769603
1124264920823074817,0,0.06533861
1124221101264056320,0,0.21349365
1124050429980160006,0,0.33776572
1123979844520501248,0,0.34926
1123732496993136645,0,0.27058434
1123651805987184640,0,0.711305
1122805949390102528,0,0.092107385
1122596145388228619,0,0.23162392
1122373921880313856,0,0.28973186
1122252663092064257,0,0.023045987
1121337861301833728,1,0.45948157
1120857555822104576,0,0.40139621
1120855790498340865,0,0.3703012
1120855032880984064,0,0.5140019
1120775039090085888,0,0.56781495
1120660894441201664,0,0.007588327
1120545251511418885,0,0.50473696
1120393118623440897,0,0.164875
1120325991006654464,0,0.08761972
1119977868036050945,0,0.038041174
1119976736148611072,0,0.0287261
1119139178212511746,0,0.04103771
1118924994220830722,0,0.16295785
1118882219467202561,0,0.65923226
1118807896127614976,0,0.3592959
1118744552217690112,0,0.008226991
1118617803207135232,0,0.09813663
1118608953229873153,0,0.009057611
1118440610095095810,0,0.28568912
1118166637721661444,0,0.2841311
1117840009082568705,0,0.29054862
1117826441989824513,0,0.7759675
1117716484887912448,0,0.45548934
1117674104927195137,0,0.3094916
1117347280124817408,0,0.33876842
1117125536940208130,0,0.19284078
1117049425656995842,0,0.19948488
1117036751204311040,0,0.16959843
1116600054783991809,0,0.32838047
1116414697312608256,0,0.29067397
1116261341961039872,0,0.81597275
1116237913069629441,0,0.34632885
1116229874576973824,0,0.2557272
1116099992261931008,0,0.48968017
1115950515366424576,0,0.10797134
1115622636829257728,0,0.36905
1114771956778393600,0,0.25819904
1114664661960527879,0,0.43438023
1113496099124326408,0,0.112155914
1113483584126500865,0,0.13062602
1113329654553772033,0,0.062101066
1113306728433459200,0,0.04667324
1113185193219817472,0,0.26600686
1113147340859342849,0,0.10205677
1112452779069620225,0,0.27345377
1112081262007730176,0,0.16838494
1111731906155032576,0,0.021464765
1111356920592564224,0,0.35119998
1111212376714608640,0,0.14585888
1110972614133121024,0,0.15138477
1110818118438436864,0,0.09321278
1110672812434436097,0,0.2170487
1110600048398815233,0,0.5666918
1110599601390784512,0,0.07107648
1110455005167919104,0,0.30145538
1110398254481461249,0,0.4875869
1110398253621633025,0,0.019971907
1110256357742137349,0,0.28080934
1110161928020738048,0,0.6807687
1110127262836420608,0,0.13325515
1109830893991018496,0,0.14998275
1109419311456796673,0,0.114076346
1109307266342236160,0,0.41630203
1108917143972835329,0,0.12666494
1108620958439485440,1,0.5192591
1108270671556169728,0,0.0496282
1107971311899418624,0,0.12518376
1107735503716188161,0,0.64170927
1106604167840317440,0,0.039916337
1106603141066342401,0,0.55545706
1105558494885957633,0,0.019132763
1104591016827518977,0,0.16440704
1103679359225876480,0,0.06946802
1103516944676933632,0,0.32561642
1103439610317885441,0,0.11553985
1103381079384309767,0,0.3782925
1102668674060701698,0,0.105094045
1102664803670261763,0,0.21543288
1099903020677189633,1,0.67155
1096074787363975169,1,0.8873372
1079026428518285313,1,0.19610405
1042492443491532801,1,0.7712338
1037055704484458498,1,0.34704816
1024944815954440192,1,0.66058576
1001913952970919937,1,0.5591849
992164064720773120,1,0.60785604
983813411149664257,1,0.499133
941401147759308801,1,0.38042635
924877852994146304,1,0.47919568
920524931926020097,1,0.46839085
915699696647237632,1,0.5334832
910859482225430529,1,0.49874258
890280568449093636,1,0.7662246
885227260478926852,1,0.10948387
866520652400013312,1,0.78606284
847397065017573378,1,0.86780083
829775015038054400,1,0.23440316
825730155557425152,1,0.28512847
816961341432987648,1,0.61348295
699244756178771977,1,0.86168355
698514720362463232,1,0.22917399
1169494130059358208,1,0.4494881
1107992579327619073,1,0.5616268
1174003202225770497,1,0.7627207
1139615687947816962,1,0.82598454
1132221920269688832,1,0.8721742
1125745419064160256,1,0.7995775
1018631884291690496,1,0.92190814
928256050175803398,1,0.96755505
878707380955090945,1,0.7346047
811120520032845824,1,0.96992564
1107548831506419712,0,0.75089514
1076527654071951360,0,0.43975705
1027419456883118080,0,0.3161978
1021422383721218049,0,0.24029669
1013280143102693376,0,0.35390103
1003740211275235337,0,0.2289607
1000813762323144704,0,0.27588174
996478105668775939,0,0.72781837
825741307150733316,0,0.33462608
791655857154985985,0,0.378479
739927294853124097,0,0.4528316
725227285972959233,0,0.26927513
701484246196736001,0,0.7322606
687894686527258624,0,0.5631486
685460763637592065,0,0.7958651
683728569462304772,0,0.07811242
857497049645948928,0,0.06291866
1179702858050080776,1,0.88891506
1174978783318663169,0,0.40198153
1140232834935926784,0,0.49861097
1139628981680926720,0,0.69983375
1132310135299293185,0,0.1821183
1128772815904268288,0,0.8320414
1114298997835956224,0,0.8887905
1028560414798499840,0,0.6178039
1022465801398493184,0,0.41230983
963305377084387328,0,0.31640476
1121994886884913153,0,0.4524562
862907090247053312,0,0.4683968
1178585936097087488,0,0.69616884
1178573383551868928,0,0.7006514
1175781097122205703,0,0.46633112
1174687487530323969,0,0.38249
1166908261003665408,0,0.7928727
1159804843315384320,0,0.6519598
1155262326381133824,0,0.34098828
1154054025815265280,0,0.4696603
1136155080602923016,1,0.7485521
1132710112416665602,1,0.93938017
1125238770188673024,0,0.7504285
1114263577806897153,0,0.4061304
1093812894242926592,1,0.6880054
1091252726074347522,0,0.27088892
1087099905536081920,0,0.3796268
1086368719138365442,0,0.25298306
1070617478726852608,0,0.319758
1041678910319157248,0,0.74912524
1038783673754169345,1,0.47978216
1033685366816030720,0,0.7688093
1024442884811055104,0,0.82127774
1021808737777016832,0,0.32601836
1009454091251146754,0,0.16864431
1003461102188064769,0,0.45274404
997756051410780161,0,0.35099846
996108975337889797,1,0.5399834
977620618899349504,1,0.20603228
966624760317775872,0,0.199741
965560771462795265,0,0.71423113
961879375649099777,0,0.3801734
961746916886351873,0,0.25057387
957125945097367552,0,0.8381076
944699802922766337,0,0.05270511
938118758001979392,0,0.4087652
928626408921985024,0,0.17759961
889190962056097792,0,0.6979654
883775502259040257,0,0.30986327
873120505246621697,0,0.14405033
869680319963779074,0,0.5420533
839899677218717696,0,0.5898051
837966580705333249,0,0.5925728
819206431610179587,0,0.44384828
812760113442418688,0,0.37151164
769460109739253760,0,0.6547501
757191657582366721,0,0.35441372
751351778113912832,0,0.06803462
749692730754883584,0,0.33452308
744284237830955008,0,0.48656395
738775983986184192,0,0.23599645
727534745605779457,0,0.31663886
679279007226011648,0,0.41758555
675651900511928321,0,0.20502904
671888861870563331,0,0.076477766
668158715233742848,0,0.42143103
655136836512190464,0,0.17578542
652845881931223041,0,0.25900662
1178709237284970503,0,0.63124436
1178670051936886786,0,0.6175209
1163370963733483521,0,0.14760944
1128385601970016256,1,0.6447768
1118394740024795136,1,0.6719375
1117177214636888065,0,0.26266024
1103324572005421060,0,0.22547248
1076000759291019264,0,0.70830375
1070074959752544257,0,0.25953916
1042206090237288448,0,0.37829357
1024521818810535936,0,0.58670694
1023158930539728896,0,0.6922053
928602940071391232,0,0.6138115
918753031608524800,0,0.26438838
918742972312817664,1,0.94715285
915890826399674369,0,0.4462669
914482238661824512,1,0.67047185
888371094691958784,0,0.27330202
881544082568486913,0,0.57050633
716062239661416449,0,0.53573585
1148574266851508225,0,0.13504803
1001378114797260803,0,0.43590552
995984432061468672,0,0.1347132
962346380235886592,0,0.66109407
943833412682608640,0,0.69797564
1165327271885967362,0,0.3182435
1003193337355161600,0,0.59285116
697686360149377025,0,0.33939832
966668611036368896,1,0.70137304
1069309674674106368,0,0.5643759
1043746495009296384,0,0.87987983
887943104266981377,0,0.28273427
822480830262104064,0,0.39247957
792768622062084096,0,0.3931839
1182209167542620160,1,0.5635451
1182201819453374464,0,0.2781775
1182024100082065409,0,0.516581
1179922888490651648,0,0.21465045
1179636341400887298,0,0.19281533
1179493414376787968,0,0.26893854
1179268059040829440,0,0.14548701
1179118432538763265,0,0.10300961
1179118164619268097,0,0.48072463
1179107472172290049,0,0.1886914
1178222082934689792,0,0.26259184
1177635606744223745,0,0.25715005
1176502537635160064,0,0.09347588
1176024888051666944,0,0.15925542
1175928535434874880,0,0.36375996
1175640087431917568,0,0.051911116
1174670406608936960,0,0.28439623
1174385268788518912,0,0.048591852
1174055934617931777,0,0.057994306
1173901095791468544,0,0.17077073
1173488448084353026,0,0.5500842
1173416976900874241,0,0.48171684
1173411772935659520,0,0.67423946
1172575958236311552,0,0.28254238
1171787630897508353,0,0.16576317
1169167622275026944,0,0.067976266
1164955984860712961,0,0.7259571
1163373169027231744,0,0.5750854
1161947824646492160,0,0.05959326
1161210956023783426,1,0.8214296
1160219773013286912,0,0.12642705
1158268585543983104,0,0.1448926
1156985437862469633,0,0.6636452
1149705046273269760,1,0.7923535
1148296427526905856,0,0.20540392
1145934787053588483,0,0.26099458
1145933547271806976,0,0.21608612
1141976813339590656,0,0.14450917
1134341793682743296,1,0.14426169
961873599735914497,0,0.15007025
1181942693552893953,0,0.4527651
1170732986830131202,1,0.684867
1170412856770203649,0,0.13293505
1159423785801584641,0,0.4462863
1151855600776687617,0,0.16333556
1147182440768839681,0,0.11558476
1136210180256010240,0,0.18246904
1134369746093297664,0,0.5445716
1182095055198273536,0,0.075140804
1182094860834263040,0,0.083727
1180756953041182720,0,0.12277305
1177524089570963462,0,0.086789995
1152446472153174017,0,0.0030021667
1150848524742995969,0,0.06704891
1111600868439281665,0,0.23789021
1111599316156719104,0,0.05380267
1098615809918844928,0,0.061501265
1097864656574656512,0,0.023284376
1097577455148249088,0,0.07263592
1097417642749685760,0,0.09160113
1096142819507474435,0,0.0121364
1093581106647953410,0,0.10219446
1067867093394165761,0,0.07137799
1060957788988416000,0,0.009750426
1007671642259054592,0,0.022987902
985927963211452416,0,0.13658789
973958922498400256,0,0.1486255
964227924231622656,0,0.119407415
963409671066472448,0,0.040212393
933571477349240832,0,0.046985477
927217524193812481,0,0.0778324
910565200180342784,0,0.2481919
830780259540811776,0,0.133461
829707312503861248,0,0.024651349
829338704300933120,0,0.24617308
812201308610564096,0,0.013826042
780551015728812036,0,0.08133632
697000949320171520,0,0.07590178
690436817028530176,0,0.026958078
688061289428553728,0,0.019354045
817687073197096961,0,0.10253358
1144221632040452096,0,0.007892728
1092164917371768837,0,0.28466916
1182745353092812800,0,0.065865606
1182651992583430144,0,0.09223732
1180869927466622976,0,0.32133734
1177620464040075264,0,0.38620713
1177166244870610944,0,0.2805223
1176834245823741952,0,0.0959613
1158894656073162752,0,0.7297628
1146710213321547776,1,0.96787477
1144727962148900865,1,0.25265563
1142051983928504320,0,0.45101726
1141639178481995776,1,0.8443556
1140002712819589121,0,0.76997405
1112937388496601090,0,0.19089308
1108350005755166721,1,0.7893995
1079069044320423936,0,0.68582743
1073336592977289221,0,0.6673217
1052970384784576512,1,0.61435205
1052284212101943297,0,0.2345345
1042449049771827200,0,0.37637684
1038786101459214336,0,0.54885256
1012699596068249601,0,0.42973202
1009071292685914112,0,0.52995336
1007898147165822976,0,0.63224185
987655710426238978,0,0.80175716
986978138830852096,0,0.28703272
929374724706185216,0,0.2447814
916056569275699200,0,0.8676293
913692224977764352,1,0.6421713
912311869234384898,0,0.2550469
890768307296632832,0,0.15269765
873160960994836481,0,0.4519014
827801464152195072,0,0.94411254
1139485137954099201,0,0.28917795
914979261454352384,0,0.10397005
1121145797440098312,0,0.62110925
1181178139675938817,0,0.8812007
1178338251586899974,0,0.6973278
1158244976498749446,0,0.72996044
1143923471967301632,0,0.14388469
1076784453387673600,0,0.45193887
1066501708791070726,0,0.16009259
894625234304864257,0,0.6516106
819870702513885184,0,0.10719028
690876747844313088,0,0.75944513
1182584420966027265,1,0.70485413
1180533522555125762,0,0.21653774
1110533865817411585,0,0.43722242
1095954419835961344,1,0.4793796
1091027748750016512,0,0.09607825
1014200806827012098,0,0.16069356
1007272839815290881,0,0.633262
943752003909570562,0,0.21076387
941979968032198656,0,0.041126937
847395587133657092,0,0.12804013
827224257671360512,0,0.12869266
805417551811477504,0,0.5183256
1164834654018404352,0,0.8538462
1181276695292239873,0,0.06716326
1179676307334090752,0,0.6226506
1143758149205319681,0,0.20054021
1135643578439557120,0,0.23731703
1129751481928867843,0,0.09312761
1129306309218787329,0,0.05575967
1116595177865408519,0,0.08737135
1106903720988688384,0,0.17049184
1098525116684779523,0,0.6569354
1080385232388411392,0,0.17078832
1072169744608968706,0,0.72309446
1006868317410390017,0,0.36207688
1001449265334571009,0,0.13261452
943875587969617920,0,0.17399651
802516904623665152,0,0.4706012
648959246944587776,0,0.1302836
961334187906289665,0,0.31226945
1181692094311813120,0,0.17636734
1181684834277703681,0,0.18546811
1181681811744808962,0,0.09275529
1180205366614863872,0,0.5442549
1180205357722931203,0,0.23428226
1179157685540982785,0,0.60568047
1143969836269285376,0,0.048636615
1132217057758580736,1,0.83489054
1128193759630512128,0,0.25345358
943356885079642112,0,0.57350093
808667586674180096,0,0.307008
1166604526360702977,0,0.52620614
1140616767569584128,0,0.032075793
1131632024001875968,0,0.65092045
1129089038789554176,0,0.10250571
1146403515197198338,0,0.33025074
1018520351209414656,0,0.1872747
1103144159160999936,0,0.01435262
1118944470949617664,0,0.16355127
1101153512766009345,0,0.10973868
1100487071486091265,0,0.057656884
1098473023760347136,1,0.7914686
1084854010270703616,0,0.055762768
972768931315376128,0,0.17781147
858333893031849984,0,0.10554168
830384385094463488,0,0.25711012
703586734236409856,0,0.0052058995
694926612295479298,0,0.011408508
694457238421966848,0,0.07431084
1177931116151480320,0,0.63013864
1107700306861834240,0,0.48228562
905218546363490304,0,0.6191147
1182571536810688512,0,0.10499716
1181661633770340353,0,0.15347442
1179044058263629824,0,0.21944743
1174290139549446145,0,0.42585298
1172956256660852739,0,0.030766696
1171020086515130368,0,0.08570719
1182201562711629825,0,0.5986414
1181851389653327872,0,0.68758816
1179052476194021377,0,0.63752604
1178101940712017920,0,0.39311782
1178080499186700288,0,0.5887743
1174791729540739072,0,0.18223089
1174114586271858696,0,0.5102623
1153830424088465408,0,0.95208263
1149983717605224448,0,0.27157953
1146449802785435649,0,0.09243253
1144508632379330560,0,0.45449033
1136304077921562626,0,0.7419258
1134931441220018177,1,0.7330152
1129472790497828864,0,0.21235579
1125275890559143936,0,0.24982196
1118028516640030720,0,0.3892379
1108079638327250944,1,0.73667073
1085453041921335296,1,0.75489557
1085220069330874369,0,0.1799129
1083178370098253825,0,0.80700016
1076225326911492098,0,0.7160257
1072556554413588480,0,0.5367798
1066977157358870528,0,0.69404215
1062256846780686336,0,0.27451015
1056321739221798913,0,0.7217593
1041342848073785344,0,0.49530706
1023495563118108672,0,0.045276374
1017893329403547649,0,0.41866803
1013741804133453824,0,0.29137248
1008625361683451905,0,0.3578574
1003230151432458240,0,0.6851649
1182548266954698752,0,0.47288072
1148705765777137665,0,0.21084258
1141527740929191936,0,0.90639067
1139527591658840064,0,0.008155316
1096157490071433216,0,0.3049889
681161295530450945,0,0.0069847107
642084754939092992,0,0.0073135793
933799408914837505,0,0.24875268
1181829289177763841,0,0.48860386
1116079351508942853,0,0.17563045
1061366978047328257,0,0.8681867
672812065950711808,0,0.6453662
1172285746230779905,0,0.3111868
1145940039328776193,0,0.48085797
1121308283158061056,0,0.06583029
1079098693813485568,0,0.18307337
1056107114534526978,0,0.2652446
962574326301102080,0,0.20978242
1146775404872704000,0,0.042465806
641930925119553537,0,0.13668045
1104356708883808257,0,0.07395929
1179606465797087232,0,0.17958987
1115963074396282880,0,0.114973664
1029069081155170305,0,0.12226382
783001286451011585,0,0.012058765
1134620856045490176,0,0.26479
1127635558640050177,0,0.47115898
1116712862897115137,0,0.07445243
992315733609779200,0,0.32027042
1157405142666371073,0,0.40220758
1179440907160080384,0,0.54933614
1178342507672981505,0,0.6903716
1175503204337016832,1,0.57747597
1137341200548147200,0,0.25027162
1071078990364975105,0,0.83615476
1174684351637925893,0,0.112650245
1136193371003863040,0,0.22226587
946848172772675585,0,0.20953566
1178001039578030080,0,0.37947887
1175395146709577728,0,0.058125377
1174393979045105666,0,0.15835753
1173640855988645888,0,0.526823
1122239069172400131,0,0.70223594
1116087127454957568,0,0.1718691
1113427393035870211,0,0.1260527
1076675683038961664,0,0.10276693
1037233440461082625,0,0.63072824
1031282559932620800,0,0.26469874
1028352080799514624,0,0.19346762
1026894013046181888,0,0.57201225
1024356494530289664,0,0.65603113
1023474900374302720,0,0.5118141
1011690876349943809,0,0.14919862
997567659792388098,0,0.20788398
986639400871317504,0,0.19173008
901118727034372097,0,0.04850161
881920680836681728,0,0.16285726
733589938558533632,0,0.22163874
1178609702424530944,0,0.25039846
1035175566494904320,0,0.40790626
992089932029034496,0,0.09030348
957629853066555393,0,0.03440994
914590203540590597,0,0.050678432
700324612375191552,0,0.024094433
1175030839433990145,0,0.5647496
893099839088676864,0,0.11786395
1177668461276909568,0,0.9448067
1174566728623427584,0,0.87392163
1125449047538634753,0,0.45461237
1052253216942018560,0,0.39201894
1174395182797787137,0,0.23955679
1060291523928035330,0,0.27335748
1158263975584419840,0,0.16829258
1132999690763608065,0,0.24819896
1092123307183362049,1,0.46228704
1073200852545007617,0,0.06184998
760745568264134656,0,0.09561023
1066687874928730112,0,0.4177063
659622276934074368,0,0.38200027
1177937963604418561,0,0.61836314
1154487595943903232,0,0.35239094
1030701413809225729,0,0.633475
1003026669635096576,0,0.65780616
902113934446120960,0,0.03233266
769533696919670784,0,0.5763714
1158118921217511424,0,0.7771964
1128215776173932544,0,0.14940917
1128214762209386496,1,0.9061723
1120253338933710848,0,0.63160074
922914333243215873,0,0.38792035
1171323563699265538,1,0.6501009
1132884348007583744,0,0.53670806
1034076911880871937,0,0.441001
819553220410441728,0,0.4102046
762700022177759232,0,0.38316005
687870183973752832,0,0.2726476
1182721112431570945,0,0.24463245
1174627524451721216,0,0.42438376
1174575239633743873,1,0.7024276
1174574574828175360,1,0.6509645
1174393090922164224,0,0.8857534
1174390423000948736,0,0.48829108
1173322740155072512,0,0.41814354
1167912175991549958,0,0.24424496
1167034303827632129,0,0.49748966
1166396179145482240,0,0.8505577
1165685464625483781,0,0.5112189
1164476398158974976,0,0.37552428
1163945969672695809,0,0.81205726
1163399055944441858,0,0.6946664
1161380029298806785,0,0.8481455
1160635785198133249,0,0.09232223
1157702880901644290,0,0.44792914
1151856825907798016,1,0.8400725
1151189984705228800,0,0.38446134
1151047457624776704,0,0.23950309
1150752333954998274,1,0.88383317
1150490194275180546,0,0.22893792
1150447816235540482,1,0.8549995
1148581384023420928,1,0.96524215
1141181485304700931,0,0.5407566
1132979791412584448,0,0.22977766
1130689427045588992,0,0.8661345
1128303351131779072,0,0.55941063
1122740026658390016,0,0.44742346
1122436403718164482,0,0.46425742
1122215962671972352,0,0.70358443
1119561749462757376,0,0.24989995
1118622824053321729,0,0.65082717
1115457457273360384,1,0.8375673
1114149458533650433,0,0.8218331
1113779877285703684,1,0.8529733
1111197861058891776,0,0.21146739
1110657800949121024,1,0.69051254
1110575022115037185,1,0.5209761
1110566517840797697,0,0.39811242
1110066855308337152,0,0.5986388
1106394274935922688,0,0.37089378
1104842161865064448,0,0.41758773
1102476445165731842,0,0.490525
1101588253436727302,0,0.65692765
1100386800579821569,0,0.53275186
1099699790512828418,0,0.3937679
1099289325760626690,0,0.48541844
1094877386276069376,0,0.24878931
1090932209064833024,0,0.5982264
1088379000878174208,0,0.91737443
1087637761274851329,0,0.46973968
1085457329229910019,0,0.423322
1083788444097306629,0,0.24206701
1081958836292984835,1,0.8685311
1081237309251641344,1,0.67328864
1079785685857587202,0,0.51362276
1078990698744111104,0,0.2198399
1075258084170321920,1,0.44552493
1070811355979096064,1,0.8967239
1070108618190667777,0,0.1877633
1070054188539883521,1,0.979377
1066975688878632960,0,0.5530207
1063132856824856576,0,0.24345571
1062733222474403841,0,0.8483403
1058055751820853255,0,0.7470193
1055357948791324672,0,0.21232954
1047208833842642953,0,0.65268993
1044224143691067392,0,0.23934004
1043492356400603136,0,0.58235353
1043426083490684928,0,0.63773227
1042708487858528256,0,0.1033797
1042335480019398656,0,0.72098124
1042334084905791488,0,0.19953051
1041468213043838976,0,0.36408865
1032855025947758592,0,0.6002394
1032334015506915330,0,0.5557328
1032326151044296707,0,0.37550896
1026034262804520960,0,0.7340599
1024391276874133505,0,0.15035847
1021130006699937797,0,0.5714292
1019965195265953802,1,0.8117585
1019947602366910465,1,0.925888
1016766796207140864,0,0.49709067
1015241560382820352,0,0.15100622
1011312964295589888,0,0.18092415
1008381767852716033,0,0.5104884
1005760193374892032,0,0.5259538
1002422736709476352,0,0.25621992
999741489067560962,0,0.23085096
990161403469287424,0,0.5840063
984374967096823808,0,0.3145951
977233684393799680,0,0.4472699
977137747612848128,1,0.66153896
976945195752349697,0,0.6218351
976943853474406400,0,0.3422248
974732022911590400,0,0.15646067
967822517766418432,0,0.58833253
959725459058692096,0,0.65430313
955026451522314240,0,0.8019273
954280616463347712,0,0.6802351
953334284063997952,0,0.6937242
944688176848867329,0,0.5294581
942516343169011713,0,0.6599978
938506051908972545,1,0.8074697
931216083377377280,0,0.80166674
923522659056537600,0,0.04997319
922862523195576320,0,0.61104697
909149314408226822,0,0.030045867
909063309822894080,0,0.16681406
894721728131342336,0,0.7429433
894281149731807233,0,0.60633737
881468061018193920,0,0.77745306
863422897909624832,1,0.95365506
854130228926533632,0,0.6233479
851336471516770304,0,0.15442535
844863891221897216,0,0.69808704
834510029524987904,0,0.37504414
834492158971371521,0,0.206256
823480459187331072,0,0.20458153
818631611247972352,0,0.5982352
793227590794346496,0,0.06862065
783754208885501952,0,0.68360066
782712268173828096,0,0.49887422
781575545066811397,0,0.1511581
775703535279276036,0,0.22140676
772519671383920640,0,0.38127726
767479330918334464,0,0.16501871
752999218084716544,0,0.24302033
749546065481924608,0,0.67227566
739555327511830528,0,0.44169712
739264658775900160,0,0.35214114
725377414688329728,0,0.45928958
715904736336158720,0,0.2564565
712668122541649923,0,0.2944122
711914450551513088,0,0.15440747
705697140304158720,0,0.5258147
697640573990260736,0,0.21014658
696614776823287808,0,0.29627648
696061906768023552,0,0.32380804
668752187544223744,0,0.47557843
642854423019024384,0,0.15315759
1127966521714782208,0,0.029780835
791173269235851264,0,0.5253627
934007282911842304,0,0.22228351
760797533295808512,0,0.33761322
931592454347935749,0,0.14666992
872143149589815297,0,0.268269
852961385692770304,0,0.051049888
805128550277844993,0,0.1031692
700762936919269377,0,0.04220125
1114700905687941120,1,0.90941143
1166030245046161413,0,0.29092947
1071075317123563521,0,0.19108531
1180847182167052289,1,0.7342102
1174665743096565763,0,0.5313835
1174656897443598336,0,0.13532785
1174575895715205120,1,0.8722222
1174399848726089731,0,0.8721763
1170727818851966977,0,0.5104347
1163849385740066818,0,0.64654183
1159451194009542656,0,0.27412617
1152669276626739201,0,0.82979864
1151299811544633344,1,0.9399561
1079363837244129280,0,0.50273687
1008220607786508289,0,0.45179003
662372971739283457,0,0.85439324
1179812044805160960,0,0.27561006
1176213404505296896,0,0.16287923
1165131986350039040,0,0.053040087
1144708032804413440,0,0.027764231
1133782779953602560,0,0.20972505
1118772106500681728,0,0.46117216
1061270022566363136,0,0.15846631
1047079098940645376,0,0.06903046
991387756877238273,0,0.32683098
983041058257948672,0,0.8104137
979529044751347712,0,0.34405047
938873445764554752,0,0.04630068
924674774646820864,0,0.17223614
866436777812381696,0,0.14161512
812956704556064768,0,0.751693
783976703295123456,0,0.2832357
773958354423144448,0,0.21473035
"6,59842E+17",0,0.08798039
657936194026774528,0,0.4850366
652566211197276160,0,0.5762902
1182543179859595264,0,0.15283445
1181139527420784641,0,0.3076532
1178923940644818944,0,0.24570188
1178217638301962240,0,0.53624314
1175307366729957376,0,0.55547774
1174272644025409537,0,0.33090237
1170279196603629568,0,0.71932995
1167063767580102656,0,0.24430981
1166415636479782912,0,0.44770253
1166080782647140352,0,0.20257103
1165529167313719296,1,0.869594
1164950615895826432,0,0.07647693
1163858814946422785,0,0.075995445
1160514360902639616,0,0.34986156
1158833545554604036,0,0.4636611
1156476387768897536,0,0.11323559
1156124357003030528,0,0.35295713
1144673694675099649,0,0.051916152
1144330032099336198,0,0.3206616
1178186276241055744,0,0.20022774
1172198041257938950,0,0.1934416
1165325433484840961,0,0.2965442
1136869128092954624,0,0.15065044
1125057145970491393,0,0.67641604
1096841433825374209,0,0.22512576
1079379493888946176,0,0.24947345
1072738757701443586,0,0.3525778
971719686386839553,0,0.009063929
970287606863945728,0,0.13854623
969256001621954560,0,0.21744394
955120884078952449,0,0.7135528
880119589631340546,0,0.14356178
877967686562529281,0,0.1300025
828933773328842752,0,0.08643028
678639014551748608,0,0.36379525
933718355978194944,0,0.25170165
1174376887201738758,0,0.5267493
1068554004492414976,0,0.41640636
803679530519056384,0,0.45810455
798148162317914113,0,0.79553765
1158415289933017088,0,0.27089912
1182139368045240321,0,0.27992976
1180797887665655808,0,0.45508105
1180209794185084928,0,0.19373152
1178212060997525505,0,0.43916458
1174981286366048256,0,0.06202978
1160906965092044800,0,0.2596312
1137791908686811139,0,0.37843296
1125637305128116230,0,0.111029625
1112839105954672640,0,0.31202528
1107588612038819841,0,0.35864103
1102144771072638976,0,0.25983512
1083383924217315329,0,0.36863458
1047189489943232512,0,0.37333947
1045699095103516673,0,0.8144053
1040711092635422723,1,0.93747544
1031881162166345728,0,0.7540519
1006578106692497408,0,0.6530409
997960111044866053,0,0.69074106
993696614861680640,0,0.50677514
985576997882654720,0,0.39964172
974421219872264195,0,0.6014578
963533664914231296,0,0.28615695
940329364595642368,0,0.62907535
847091315095539713,0,0.32981753
819611708364832769,0,0.1742329
802791680697110528,0,0.5060512
791397007139172352,0,0.24291617
680366262279618564,0,0.2779649
1105433532984426503,0,0.45267028
1172908285248397312,0,0.3220342
985915455041875968,0,0.26601893
863040447635222529,0,0.41145882
727165479425548289,0,0.36034912
1161648292134031363,0,0.1726363
1126397244331184128,0,0.40818536
1086252040081285124,0,0.42718634
835778255638626304,1,0.36212635
1166420526371397632,0,0.34172088
663604745165275136,0,0.48884973
1172272724267454464,0,0.3638034
1169819808164016133,0,0.67888874
1155243873754648576,0,0.16617617
1140636046658539520,0,0.5757062
1131645442436063233,0,0.21858498
1128496633006764032,0,0.105808705
1036674546714271745,0,0.4535702
1035632581293875201,0,0.23534757
1024311506819866626,0,0.47195736
982682491570896897,0,0.5404421
973577462578892800,0,0.31459063
953699703614517248,0,0.44023892
884881242788958209,0,0.33614647
884880736020557824,0,0.47566026
845378405315072003,0,0.26393485
845378219436113920,1,0.66697514
841085674417717248,0,0.20790341
838159042518388736,0,0.5693599
808815708670951424,0,0.45434052
798102413626503168,0,0.15463352
703372173549899776,0,0.1196951
1120722145666117632,0,0.01390785
699992097085116417,0,0.4586912
1181589072348889097,0,0.44453016
1177132402344452096,1,0.6033989
1172905208000782336,0,0.30989993
1167158922043625472,0,0.18038654
1164206035617427456,0,0.041479707
1149046042232524800,0,0.10334626
1144670082234310656,0,0.025169373
1125658730253697024,0,0.2028288
1123076337579827201,0,0.106354475
1058319381929881600,0,0.24170104
725196539262590976,0,0.03853503
647716350824173568,0,0.21391529
864915165246099460,0,0.4704955
761323796217364480,0,0.17799947
1158730860109148161,0,0.17139769
1031677195327090688,0,0.27896562
944270348178124802,0,0.15914074
931488191743430656,0,0.06401384
699974761301020672,0,0.018925458
687253656236851200,0,0.15172455
687004547064139776,0,0.041371465
642297577472438272,0,0.17789671
1179517641427492870,0,0.032316983
1179096147773837312,0,0.26977628
1176876175718850561,0,0.18367335
1176795906412371969,0,0.058368802
1176107940471857152,0,0.115736336
1174556768988516352,0,0.20536658
1174319368311910400,0,0.072105736
1144494563203006464,0,0.030959755
1136143751309615104,0,0.23252627
1131224036170706944,0,0.5263376
1125141953597837312,1,0.36332786
1116409417392689152,0,0.49494767
1099645496669417472,0,0.080358565
1090499961656086528,0,0.1769633
1088331403400527873,0,0.030844718
1081944857634058240,0,0.03996718
1071381315960930304,0,0.1592916
1181270622988582914,0,0.32785115
1127281480353419264,0,0.19362354
1109484640530849794,0,0.34478664
1093887250092433408,0,0.3826485
1045596096200941569,0,0.53820264
1001913878060597249,0,0.6643735
1001909502847922177,0,0.0675585
997196732818747394,0,0.10800019
974588075685830656,0,0.17562607
915887932061437952,0,0.06862381
799724692496142336,0,0.03670284
742848256493932544,0,0.020205945
742847424914464770,0,0.036851138
742829764977807360,0,0.040376306
781541550941667328,0,0.11685932
987495625406152705,0,0.26310247
679743965491494913,0,0.058253974
663724232468209664,0,0.18440896
1125461497159790592,0,0.2140629
1074407128130035712,0,0.3036925
1131528937979424768,0,0.22262654
1028534594956652544,0,0.36781466
997127460243288064,0,0.31517428
699234205088280576,0,0.50421995
1027265834216026113,0,0.18643436
974633401381675008,0,0.09709132
974625763700936704,0,0.34713387
1174047361770938369,0,0.49445283
1172448762393817088,1,0.9288895
1153703880649248768,1,0.6781573
1092452459036004353,0,0.7427736
1024769849648668685,0,0.6843592
1016392309351616514,1,0.8352132
912360732053966856,0,0.6688603
901337452962512896,0,0.5143229
851924946825748480,0,0.79977655
713641677722894336,0,0.10685113
1083939132047589377,0,0.024022073
931493230553821186,0,0.15911287
1150729153957814273,0,0.24897695
1124106342514470915,0,0.1714974
1077636071935086592,0,0.60475165
978845084966891520,0,0.13890126
826143398461636609,0,0.08588746
714808976773423104,1,0.92314374
1170025330742059015,0,0.31310242
851473882322259970,1,0.45519036
995526734475821061,0,0.45270678
1178951712834572288,0,0.14327258
1182394318461591552,0,0.62383354
1181224039437733891,0,0.46712667
1157329973033807873,0,0.28276426
1140636171766325255,1,0.6850724
1181258207903260674,0,0.669022
1180611707573547008,0,0.5078151
1178409117800697857,1,0.95368886
1178135814720622593,0,0.73386437
1177112740869148672,0,0.23913035
1175659634364952576,0,0.16500068
1174623486452609025,0,0.7323762
1173877481427951616,0,0.7217174
1172275291336712193,0,0.44080943
1126431656146014208,0,0.9010393
1124301388727619585,0,0.59587365
1107733870487715840,0,0.053278983
1060622020428394498,0,0.60898376
1034119150078185473,0,0.63018876
984437895305089024,0,0.09762418
968904782281809920,0,0.40555355
964823142882521088,0,0.92938626
848508781210238978,0,0.16236794
1181235917958324226,0,0.04047844
1179097758633992194,0,0.27254945
1178740159652749313,0,0.44807312
1176401323010535426,0,0.3514106
1150298498790842368,0,0.040839165
1149258244667449344,0,0.3493914
1148639632617287682,0,0.37493315
1143519279230459904,0,0.631376
1142121165818880001,0,0.5771854
1128605231850360832,0,0.58576506
1127146202917679104,0,0.059645087
1125888685931626496,0,0.34332275
1120377452633776128,0,0.20787644
1110874782734663681,0,0.71303135
1098489532570365952,0,0.12294519
1022048634437873665,0,0.3494215
970920793885544448,0,0.22151211
893924096156856320,0,0.518953
816057074023014401,0,0.68523407
712711633571815424,0,0.26723242
648445170233511936,0,0.38976464
1181524369899757569,0,0.12166646
1180217850826502144,0,0.3420682
1098504507384827904,0,0.10060567
688092368520785922,0,0.104714364
1178932745579483136,0,0.3104541
1080355364145676288,0,0.7842356
1053272377315020801,0,0.44948235
995753736164306944,0,0.43743166
800556219492466689,0,0.2312592
706572601678757888,0,0.66996557
1172941076841271296,1,0.22239867
1085409747464060928,1,0.9029055
1068604251893612544,1,0.93838215
956237357606465537,1,0.48293614
879787999885746177,1,0.77332264
1056647320513757184,1,0.66425276
882374585831874560,1,0.6766757
1068184643399270400,1,0.9349475
863043969587986432,1,0.90982604
1101847633981853698,1,0.83031285
1162970473208131584,1,0.660901
1162969921590038528,1,0.5088436
998674430976057344,1,0.68269515
682161466653454336,1,0.7042264
1132088138766180353,1,0.8931155
993478966852947969,1,0.93103826
1160570017878073345,1,0.986784
1051394028439293952,1,0.81268024
985609808593149952,1,0.9003023
1180954516335845377,1,0.91780967
1163611042066382848,0,0.84920037
1130063506387152896,1,0.9578285
1105773434917801984,1,0.7735083
1101762155735588864,1,0.9161322
1090848181779382279,1,0.8137693
1084358313805049856,1,0.912476
1067829095050948608,1,0.8095609
1050351049616384000,1,0.57827514
1048839990770388992,1,0.8142488
1024700148570640384,1,0.66581976
1018168054600142848,1,0.9300494
890482662556798976,1,0.7279711
818389084028682242,1,0.96464694
787008115459911680,1,0.6071505
781729597599670272,1,0.608427
715906368461479936,1,0.92767924
695225316038569984,1,0.9845184
681337520286732290,1,0.9737879
642044436298493957,1,0.6255277
1182178859791376384,1,0.58060426
800082709628485633,0,0.68728036
1175346857540751361,1,0.98433596
1172684294864756739,1,0.95486665
1099414877024735237,1,0.7336761
824695622230036480,1,0.8930056
823048165280665600,1,0.7789638
1181802038319091717,1,0.77603924
1068134376532258816,1,0.9703169
1151490346452496385,1,0.8412829
1138920677132701696,1,0.5691439
1068140006290714624,1,0.9398282
666705881191575552,1,0.8134241
1174969438384209920,1,0.8346633
1159343181772873728,1,0.81978595
1052877355146985472,1,0.39426303
970222862287196160,1,0.44649854
953416062535634945,1,0.6760428
896491908834480128,1,0.64259803
886666353431719941,1,0.51252913
867476643463540736,1,0.588789
862335920015585281,0,0.5427396
837707717498310656,0,0.13165179
748296682434080768,1,0.66945946
1135162030636355585,1,0.91460705
1137990280483868673,0,0.23715276
1050945039189401605,0,0.5532473
808645125115117568,0,0.40790835
855320089456857089,0,0.44634977
